customer_id,customer_name,email,region
1000,Anthony Lucas,valerie74@example.org,West
1001,Scott Ward,ryan59@example.org,West
1002,Shannon Rush,josephclark@example.org,South
1003,Michael Ferguson,ygilmore@example.org,West
1004,Timothy Sanchez,rachel45@example.org,East
1005,William Pierce,reyesroger@example.net,West
1006,Lisa Duran,victor82@example.net,East
1007,Sean Fisher,awiggins@example.net,South
1008,Joe Robinson,howardmonique@example.org,North
1009,Aimee Allen PhD,cunninghamshawn@example.net,South
1010,Steve Greer,taylor75@example.org,West
1011,Michael Wright,matthewsmith@example.com,East
1012,Stephanie Rodriguez,michaelsmith@example.org,North
1013,Amy Dixon,kevin19@example.com,West
1014,Jessica Johnson,martinlori@example.com,East
1015,Lee Baldwin,jenniferross@example.com,West
1016,Yvonne Rodriguez,dennislutz@example.org,West
1017,Jamie Hudson,allentheresa@example.com,North
1018,Anna Barnes,lbennett@example.net,East
1019,Stephanie Bailey,bdaniels@example.com,West
1020,Lauren Green,jessica66@example.com,West
1021,Matthew Stewart,watkinsrichard@example.org,East
1022,Mrs. Christine Perez DDS,cwright@example.org,West
1023,John Thomas,kevin92@example.org,West
1024,Danielle Frazier,jonesamanda@example.net,North
1025,Nathan Black,carrillojohn@example.net,West
1026,Anne Peterson,underwoodtimothy@example.com,South
1027,Michelle Conner,ptaylor@example.com,North
1028,Megan Torres,kcollins@example.net,South
1029,Nicole Rose,osbornemichael@example.com,East
1030,Wanda Beck,sanderskristina@example.net,South
1031,Jennifer Diaz,ibarralori@example.com,South
1032,Lisa Campbell,james27@example.net,South
1033,Evan King,cheyenne70@example.com,South
1034,Preston Alexander III,mparker@example.net,South
1035,Ryan Hernandez,tonya33@example.org,North
1036,Derek Brown,lcarpenter@example.com,South
1037,Diamond Lindsey,gclark@example.net,West
1038,Kimberly Anderson,barnesanna@example.net,West
1039,Destiny Monroe,reidadam@example.net,North
1040,Kenneth Atkinson,victoria90@example.com,East
1041,George Price,dixonjared@example.net,East
1042,Dana Watts,isaiahjohnson@example.net,East
1043,Bonnie Schwartz,grace19@example.net,West
1044,Michelle Jackson,adamsadam@example.net,North
1045,Tammy Flowers,klee@example.com,South
1046,Brandy Ramirez,rogeralexander@example.org,East
1047,Matthew Greene,shannon56@example.net,East
1048,Dawn Walker,caroline90@example.net,South
1049,Traci Cross,ybowman@example.com,South
1050,Jill Stevens,ggordon@example.com,South
1051,April Webb,atkinsmegan@example.net,North
1052,Bill Daugherty,loganthompson@example.com,West
1053,Pamela Rowe,jamescasey@example.org,South
1054,Chelsea Brown,scooley@example.com,South
1055,Brian Ferguson,evelynneal@example.org,West
1056,Michael Brown,wilsonjeffery@example.com,West
1057,Debra Mejia,jbrown@example.org,North
1058,Christina Watson,bware@example.com,West
1059,Jack Escobar,kathy33@example.net,West
1060,Joshua Ochoa,miguelallen@example.org,South
1061,Ms. Patricia Thompson MD,douglas97@example.org,North
1062,Jasmine Brown,braunpatrick@example.net,West
1063,Mark Rogers,tammy26@example.com,West
1064,David Tate,moralesisaac@example.net,East
1065,Erica Mcmahon,charles05@example.net,East
1066,Charles Harper,robertmurray@example.org,South
1067,Christine Butler,areid@example.net,North
1068,Ann Wood,janicerose@example.net,East
1069,Michael Wall,zwilson@example.net,South
1070,Carol Lin DVM,timothy10@example.net,South
1071,Timothy Price,alejandrowillis@example.com,West
1072,Erik Douglas,melissapollard@example.net,North
1073,Donna Patterson,nrodgers@example.com,South
1074,Mike Nolan,gmeyer@example.net,North
1075,John Bailey DVM,mcdowelljessica@example.com,North
1076,Olivia Ramirez,elizabethchang@example.com,South
1077,Jeffrey Mitchell,susan44@example.net,East
1078,Joseph Anderson,oaguilar@example.net,South
1079,Brenda Vega,rdavis@example.net,West
1080,Mr. Jacob Gordon,audrey88@example.com,South
1081,Sandra Hill,jbernard@example.com,West
1082,Tara Morris,aaron29@example.com,East
1083,Dr. Kristie Shelton,henryamanda@example.net,North
1084,Stephanie Ramirez,justin19@example.com,South
1085,Juan Velasquez,olivia04@example.net,North
1086,Thomas Richardson,webbmichael@example.net,South
1087,Christopher Ramos,shannonbray@example.org,West
1088,Teresa Acosta,erika17@example.net,North
1089,Shane White,andrewalexander@example.org,South
1090,Melissa Sanchez,jesse15@example.org,South
1091,Ethan Barajas,erica09@example.net,South
1092,Calvin Hernandez,orobertson@example.net,North
1093,Tammy Nichols,dillon74@example.org,East
1094,Nancy Lopez,phensley@example.com,South
1095,Krista Summers,kathleen16@example.com,North
1096,Beverly Wilson,mary52@example.net,North
1097,Cheryl Gutierrez,uwade@example.org,East
1098,Abigail Reed,martinrobin@example.com,West
1099,Haley Carter,perezstacy@example.com,North
1100,Kimberly Caldwell,murphystacey@example.org,South
1101,Mr. Christopher Ray,christophersutton@example.net,West
1102,Sandra Perry,arnoldcarlos@example.net,East
1103,Madison Jackson MD,salasemily@example.org,South
1104,Jon Gonzalez,caldwellthomas@example.com,East
1105,Daniel Morris,maryhunter@example.net,East
1106,James Brady,tiffanylewis@example.com,South
1107,Jim Dickerson,phillipsbrenda@example.org,West
1108,Valerie Mills,stephanie56@example.com,North
1109,Kayla Hunter,frederick02@example.org,West
1110,Steven Rowe,diazrebecca@example.com,North
1111,Juan Sullivan,fostergeorge@example.net,East
1112,Melissa Clark,fthomas@example.org,South
1113,Amy Stewart,alexisnixon@example.net,North
1114,Angela Nichols MD,campbellkatie@example.net,North
1115,Thomas Tran,evanmoore@example.net,South
1116,Ryan Willis,hannahhoward@example.net,West
1117,Rebecca Huffman,douglashall@example.net,North
1118,Kaitlyn Williams,ahenderson@example.org,East
1119,Kevin Hutchinson,ugreen@example.org,East
1120,Ashley Hanson,whitesarah@example.com,South
1121,Mary Campos,tammy76@example.com,East
1122,Dawn Stuart,pamela80@example.net,West
1123,William Sullivan,brettserrano@example.com,North
1124,Louis Hobbs,taylorjohn@example.org,North
1125,Jocelyn West,blairtammy@example.com,South
1126,Renee Fletcher,xjenkins@example.com,West
1127,Alejandro Stevens,zlewis@example.org,East
1128,John Mcclain,andre27@example.org,West
1129,Alicia Hughes,kelly85@example.org,South
1130,Thomas Bryan,smcbride@example.com,North
1131,Emily Howell,reevesjill@example.com,West
1132,Jason Smith,petersjennifer@example.org,East
1133,Melissa Dickson,gmoreno@example.net,North
1134,Jason Gordon,dcruz@example.com,South
1135,Amy Deleon,jose57@example.org,South
1136,Jamie Underwood,arhodes@example.org,East
1137,Ryan Curtis,vanessacruz@example.org,North
1138,Haley Weaver,scottblankenship@example.com,North
1139,Lisa Price,michelehall@example.org,West
1140,David Pacheco,santanaana@example.com,South
1141,Erica Jones,miranda17@example.com,East
1142,Amy Green,tylermckenzie@example.org,East
1143,Robert Hernandez,thomas09@example.org,North
1144,Christina Holmes,wgraham@example.com,North
1145,Kim Scott,benjaminfoster@example.com,North
1146,Lisa Johnson,eweaver@example.net,West
1147,Mrs. Pamela Ryan,pattersonjustin@example.net,North
1148,Mark Turner,ugomez@example.org,North
1149,Patrick Phelps,smallpaula@example.org,North
1150,Amber Cox,yangheather@example.com,South
1151,Victoria Livingston,blacktheresa@example.net,West
1152,Meghan Cantrell,karla28@example.org,South
1153,Jenna Barnes,ellischeryl@example.net,North
1154,Victoria Spears,washingtonstephen@example.org,South
1155,Jose Duncan,mcooper@example.org,South
1156,Mary Le,craigtimothy@example.com,West
1157,Jeffrey Nelson,marnold@example.org,East
1158,Brian Jensen,aaron99@example.net,North
1159,Gregory Tyler,floresluke@example.org,North
1160,Stefanie Harris,qgutierrez@example.org,South
1161,Madeline Curtis,marisa05@example.com,East
1162,Sarah Johnson,ronaldlowe@example.net,West
1163,Cesar Dunn,jacksonamanda@example.org,West
1164,James Macdonald,nicolewilson@example.org,West
1165,Michelle Rogers,wedwards@example.com,West
1166,Nicholas Blankenship,matthewgarcia@example.org,West
1167,Aimee Brooks,wgraham@example.net,North
1168,Christopher Campbell,changstacy@example.net,North
1169,Alexander King,molson@example.net,North
1170,Rebecca Odonnell,reedvictoria@example.net,South
1171,Todd Parker,uwiley@example.net,West
1172,Norma Vasquez,greenwesley@example.org,North
1173,Kathryn Stokes,jenniferhall@example.org,South
1174,Daniel Oneal,kenneth78@example.net,West
1175,Thomas Moreno,ethomas@example.org,South
1176,Franklin Kim,paynejennifer@example.net,South
1177,Samuel Buck,matthew43@example.com,East
1178,Angel Burns,larrylee@example.org,South
1179,Walter Little,julia79@example.net,East
1180,Margaret Ramos,nathancurtis@example.com,East
1181,Nicholas Baker,ocarter@example.org,North
1182,Robert Lawson,mariagomez@example.net,West
1183,Monica Rivera,grahamsarah@example.com,West
1184,Billy Whitaker,qclay@example.org,South
1185,Joshua Yang,dannypage@example.org,North
1186,Denise Hutchinson,daniel98@example.org,East
1187,Michael Johnson,jonesjamie@example.org,West
1188,Andrew Campbell,jeffreymatthews@example.net,West
1189,Renee Sanchez,stephaniegonzales@example.com,South
1190,Peter Quinn,ncannon@example.com,South
1191,Marcus Clark,clifford04@example.org,East
1192,Gary Stevenson,maria80@example.com,West
1193,Anne Gardner,michael73@example.com,South
1194,Michele West,erica26@example.net,North
1195,Emily Jackson,cunninghamandrew@example.com,North
1196,Jacqueline Brown,smithpaul@example.org,South
1197,James Baker,kristin18@example.net,South
1198,Margaret Smith,hamiltonkevin@example.org,South
1199,Hailey Gibson,patrickflores@example.com,North
1200,Linda Chen,ppittman@example.net,West
1201,Felicia Nixon,jennifermack@example.org,South
1202,Oscar Murphy,mikewalters@example.net,West
1203,Deborah Frazier,briansimon@example.com,North
1204,Michael Chambers,angelaaguilar@example.net,North
1205,Christopher Johnson,nhernandez@example.com,West
1206,Bonnie Fuentes,lauraharrison@example.org,North
1207,Angela Campos,charleswest@example.org,East
1208,Jim White,swallace@example.net,East
1209,Cheryl Robertson MD,jenniferhayes@example.com,South
1210,Angela Nielsen,glewis@example.com,West
1211,Jordan Flynn,lisamorris@example.net,West
1212,Nicole Owens,douglasbonilla@example.org,West
1213,Kari Walsh,frank24@example.com,West
1214,Angela Mclaughlin,alexander56@example.com,East
1215,Laura Walker,dhodge@example.com,West
1216,Derek Hall,jillianpark@example.org,North
1217,Maria Vasquez,prussell@example.org,South
1218,Ryan Wright,forbespaul@example.net,South
1219,Jill Ellis,qfoster@example.org,West
1220,Christopher Murphy,vickiallen@example.com,North
1221,Sharon Graham,markvang@example.org,North
1222,Robin Holmes,rmartin@example.net,North
1223,Justin Rivera,whitejenny@example.org,West
1224,Robert Valencia MD,rhutchinson@example.com,North
1225,Erin Martinez MD,robertsjohn@example.com,East
1226,Kevin Jones,melissamartinez@example.com,East
1227,Jamie Wolfe,dixonsavannah@example.net,North
1228,Robert Walker,jamesfred@example.com,South
1229,Kari Manning,mary44@example.org,East
1230,Ashley Glenn,johnpeters@example.com,East
1231,Adam Young,jeffreysimon@example.org,East
1232,William Lee,william62@example.net,South
1233,Veronica Burton,gilberttimothy@example.org,West
1234,Lucas Saunders,jdavis@example.org,East
1235,Danielle Esparza,margaretnorman@example.com,West
1236,Andrew Rojas,danielconnor@example.org,South
1237,Amanda Rodriguez,jperry@example.com,West
1238,David Dawson,benjaminfitzgerald@example.com,West
1239,Tyler Cline,ahernandez@example.net,West
1240,Jamie Wheeler,tina05@example.net,South
1241,Wesley Butler,colemankyle@example.com,North
1242,Matthew Williams,julia80@example.org,West
1243,Julie Arnold,kgarcia@example.com,East
1244,Amy Maynard,julie47@example.org,North
1245,Sara Mcgee,paul26@example.org,East
1246,Elizabeth Brown,lucaswilliam@example.net,North
1247,Chris Peck,xtorres@example.com,East
1248,Christopher Jones,michael53@example.org,North
1249,Jillian Wilson,beckerjenny@example.net,East
1250,Lauren Taylor,mcdonaldbrian@example.net,West
1251,William Mccarthy,brandon12@example.org,North
1252,Juan Nash,watkinsmelissa@example.org,East
1253,Stephanie Porter,william06@example.net,South
1254,Latoya Foster,villanuevajacob@example.com,East
1255,Nancy Adams,michael13@example.com,East
1256,Anna Orr,pyates@example.org,North
1257,Sean Walsh Jr.,ujackson@example.net,North
1258,Nicole Romero,jessicajohnson@example.org,North
1259,Nathan Martinez,amygray@example.org,North
1260,Eric Conley,erica09@example.com,West
1261,Matthew Long,rherrera@example.org,South
1262,Carrie Bell,newing@example.com,South
1263,Amber Smith,susanwashington@example.net,North
1264,Theresa Knapp,adamfisher@example.com,East
1265,Daniel Washington,jeffreytran@example.com,South
1266,Hannah Sexton,jeffrey42@example.net,North
1267,Scott Gray,snyderalyssa@example.net,North
1268,Steven Everett,nross@example.org,South
1269,Debra Brown,reillymichael@example.org,South
1270,Steven Thompson,powelllaura@example.org,West
1271,Jacob Perez,jonathan28@example.net,West
1272,Annette Johnson,waltongregory@example.org,East
1273,Karen White,johnsonbrandy@example.org,West
1274,Joseph Murray,jjohnson@example.net,South
1275,Olivia Horton MD,keithcasey@example.net,East
1276,Shawn Green,matthewthomas@example.org,South
1277,John Foley,icastillo@example.com,East
1278,Michelle Miller,tgardner@example.net,South
1279,Nicole Ortega,vfoster@example.net,East
1280,John Jones,melissa81@example.net,North
1281,Melinda Brown,gayrichard@example.net,West
1282,Christopher Sutton MD,thomasstevenson@example.org,West
1283,Mrs. Heather Bailey,whitney47@example.net,East
1284,Melissa Reed,trevor38@example.com,East
1285,Kathleen Nielsen,bdowns@example.com,East
1286,Robin Rodriguez,christinegarcia@example.org,North
1287,Mary Rice,mcconnellmelvin@example.net,East
1288,Scott Lee,pgreen@example.com,South
1289,Maria Harris,williamjackson@example.com,West
1290,Jennifer Lindsey,jatkins@example.com,West
1291,Michael Drake,robertnelson@example.org,North
1292,Todd Scott,lmoore@example.org,North
1293,Jessica James,obrown@example.com,South
1294,Amber Bryant,hmartinez@example.net,East
1295,Philip Fields,choward@example.net,North
1296,Eric Thomas,emilytaylor@example.org,East
1297,Joan Silva,sotonatalie@example.net,East
1298,Katherine Johnson,stephenferguson@example.com,West
1299,Kathleen Newton,nicole65@example.net,East
1300,Diana Phillips,victor21@example.com,West
1301,Eric Brooks,christopherdavis@example.org,East
1302,Nicole Spencer,nathan35@example.org,South
1303,Maria Mendez,williamscharlene@example.net,South
1304,Luke Luna,jessica80@example.net,North
1305,Christina Hernandez,hgomez@example.com,North
1306,Keith Scott,kimberlysilva@example.com,North
1307,Matthew Brooks,frances53@example.net,North
1308,Patricia Cruz,brandy84@example.com,North
1309,Robert Salas,cwilliams@example.org,West
1310,Courtney Porter MD,carrierandolph@example.com,West
1311,Laurie Bauer,paulchen@example.org,North
1312,Corey Ward,whitejason@example.net,East
1313,Ronald Collier,chelsea08@example.org,North
1314,Candice Miller,jennifer67@example.org,South
1315,Joshua Lozano,ygreer@example.net,North
1316,Kathleen Mitchell,jennifer14@example.org,West
1317,Joseph Waters,jameswilliam@example.org,South
1318,Evan Edwards,timothyreynolds@example.com,South
1319,Mario Turner,gutierrezpatricia@example.com,West
1320,Martin Carney,imurphy@example.com,North
1321,Ronald Wiggins,brownelizabeth@example.org,East
1322,Barbara Holland,fredtorres@example.org,North
1323,Mary Mason,mayjulie@example.net,East
1324,Nicole Riggs,rick23@example.org,East
1325,Sharon Mcintyre,leephillip@example.org,South
1326,Matthew Harper,jonesjeffrey@example.org,North
1327,Courtney Jones,michelecarey@example.com,North
1328,Tamara Salinas,renee72@example.com,North
1329,Lauren Sheppard,hdunn@example.org,South
1330,Tracy Hess,jodyhoffman@example.net,North
1331,Jordan Campbell,diana85@example.com,West
1332,James Brown,jenniferrodriguez@example.net,East
1333,Nicholas Mcgee,spatrick@example.net,West
1334,Lindsey Fox,mitchelleric@example.org,West
1335,Jessica Bennett MD,micheal30@example.com,South
1336,Cheryl Briggs,burkesara@example.com,South
1337,Madison Johnson,aware@example.net,North
1338,Karla Kirby,jriley@example.net,West
1339,Gina Brown,david05@example.com,East
1340,Nicholas Mendez,cameronrobert@example.net,North
1341,Amy Galloway,sbradley@example.com,South
1342,Jasmine Harris,zwebb@example.net,South
1343,Brittany Mann,melanienelson@example.org,West
1344,Susan Williams,xhoover@example.com,East
1345,Caitlin Cook,awhite@example.net,East
1346,Nancy Blankenship,jesse49@example.net,East
1347,Jaime Hanson,mercadosarah@example.net,East
1348,Katherine Johnson,ksanchez@example.net,South
1349,Mark Green,olewis@example.com,North
1350,Ian Gibson,allen42@example.org,West
1351,Matthew Andrews,vluna@example.org,East
1352,Eric Wilson,hendersonjoanna@example.org,North
1353,Gabriel Sullivan,patelkristy@example.com,North
1354,Katie Vasquez,nkey@example.com,East
1355,Caitlyn Matthews,umunoz@example.com,East
1356,Austin Sanchez,megan94@example.com,West
1357,William Torres,raysandra@example.org,West
1358,Karen Elliott,elizabethpham@example.net,West
1359,Peter Johnson,christopher93@example.org,North
1360,Ryan Ruiz,shannonshort@example.net,South
1361,Madeline Cortez,pmooney@example.net,North
1362,Heather Grimes,hperez@example.net,West
1363,Melissa Morse,sharon94@example.org,North
1364,Jill Smith,kimberly66@example.net,North
1365,Tim Williams,robyn78@example.com,East
1366,Thomas Barber,xking@example.com,West
1367,Tyler Harrison,qcolon@example.org,North
1368,Steven Baker,ghicks@example.net,West
1369,Melinda Cross,uflores@example.org,North
1370,Joshua Garcia,sjimenez@example.net,South
1371,Kathryn Melendez,andreaallen@example.com,North
1372,Rachel Hall,dhudson@example.com,West
1373,Joseph Mann,ricardo90@example.net,South
1374,Nicole Robinson,lopezkathleen@example.net,North
1375,Mrs. Maria Harrison MD,athomas@example.com,West
1376,Tyler Morris,jillian25@example.net,North
1377,Kristopher Butler,heather45@example.com,West
1378,Jennifer Holloway,vcain@example.org,South
1379,Benjamin Norman,karen09@example.net,East
1380,Debra Johnston,ericabrewer@example.net,South
1381,Scott Holland,shawnoliver@example.com,North
1382,Jonathan Peterson,pauljackson@example.org,West
1383,Sonya Alexander,susancombs@example.org,North
1384,Frank Snyder,tara30@example.com,South
1385,Frank West,ericbailey@example.com,North
1386,Joshua Hernandez,reedbrandon@example.com,East
1387,Stephen Phillips,bbryant@example.com,North
1388,Stanley Walker,stevengilbert@example.com,East
1389,Miss Michelle Aguirre,andre72@example.net,East
1390,Brandi Carey,halllynn@example.org,North
1391,Mr. Arthur White DDS,jessica92@example.com,North
1392,Mario Phillips,eball@example.org,North
1393,Kayla Greene,ucooper@example.org,South
1394,Catherine Moore,shawnbaker@example.com,East
1395,Amber Chavez,browningsarah@example.org,North
1396,Alexander Villarreal,jmclean@example.com,South
1397,Barbara Taylor,millerkristin@example.org,West
1398,Joe Cooper,fgreen@example.org,North
1399,Diane Smith,jonesrobin@example.com,South
1400,Jessica Sparks,coopergregory@example.net,North
1401,John Barrett,kelleyerin@example.com,West
1402,Jessica Mitchell,oscarsmith@example.com,South
1403,Tamara Jones,chavezsheri@example.net,East
1404,Molly Anderson,jonathan84@example.com,South
1405,Thomas Martin,mariohunter@example.org,South
1406,Deborah Moore,aramsey@example.com,East
1407,Kendra Garcia,christinebrown@example.org,East
1408,Roger Davis,jessica75@example.net,West
1409,Katie Swanson,romerokimberly@example.com,East
1410,Roger Chen,xdunlap@example.org,North
1411,Caroline Simmons,philip57@example.net,West
1412,Jenna Farley,jamesbrandon@example.org,West
1413,Jenna Guzman,jeremy41@example.com,East
1414,William Ochoa,cwalker@example.org,North
1415,Julie Johnson,wellskristen@example.net,East
1416,Joshua Hoover,dustin46@example.org,West
1417,Courtney Johnson,lunacheryl@example.net,North
1418,Jeffrey Rodriguez,karina05@example.org,South
1419,Teresa Hogan,jason48@example.net,South
1420,Kyle Pope,edward42@example.org,East
1421,Katherine Velazquez,fmorgan@example.org,East
1422,Justin Ramos,emily33@example.org,East
1423,Lawrence Hammond,david01@example.com,South
1424,Danielle Thomas,sandra93@example.org,North
1425,Tamara Hardin,markyoung@example.net,North
1426,Debra Ortiz,thomasjames@example.com,East
1427,Dan Rodriguez,lisagonzalez@example.org,East
1428,Troy Perry,sherri00@example.org,West
1429,Brent Santiago,hicksmelinda@example.net,East
1430,Jason Smith,brownnoah@example.org,East
1431,Matthew Keller,tyler74@example.org,South
1432,Hunter Bradford,raymondwilcox@example.com,West
1433,Judy White,denise64@example.org,East
1434,Jason Grant,marygonzalez@example.org,West
1435,Mark Mendoza,daniellehill@example.net,East
1436,Joshua Hill,gregory55@example.com,West
1437,Margaret Simon,julie52@example.com,North
1438,Renee Harris,amandagarcia@example.org,West
1439,Ronald James,leslie38@example.com,West
1440,David Marshall,nancywright@example.net,East
1441,Daniel Salinas,pearsonkerri@example.net,West
1442,Christine Riggs,rdavis@example.org,East
1443,Evan Smith,halljessica@example.net,North
1444,Ruben Campbell Jr.,xpatel@example.org,East
1445,Karen Young,adrianmatthews@example.net,West
1446,Benjamin Kemp,evansjeffrey@example.org,South
1447,Scott Richard,cristiandickerson@example.org,East
1448,Stephen Price,samanthagriffin@example.net,West
1449,Richard Wallace,gsmith@example.net,North
1450,Ronald Colon,rodriguezbrandi@example.com,West
1451,Richard Campbell,dbradford@example.net,North
1452,Douglas Miller,ronaldstewart@example.net,East
1453,Adam Ray,lesterbeverly@example.org,South
1454,Cynthia Ross,christineleblanc@example.net,South
1455,Stefanie Burgess,stevenmiller@example.net,South
1456,Justin Mcpherson,charleswagner@example.org,East
1457,Annette Johnson,heather21@example.org,East
1458,James Robinson DVM,tjames@example.org,North
1459,Robert Holland,michaelnelson@example.com,West
1460,Tiffany Brooks,lawrence18@example.org,East
1461,Christine Tucker MD,pearsontara@example.org,South
1462,Ronald Rice,justin56@example.net,South
1463,Jose Roberts,sharplinda@example.net,North
1464,Robin Bridges,cynthia73@example.com,South
1465,Diane Parks,williamporter@example.com,East
1466,Robert Boyd,amy57@example.org,West
1467,Daniel Sanders,qbaker@example.net,East
1468,Erica Price,uhunter@example.org,North
1469,Krystal Padilla,timothyspears@example.net,North
1470,Ryan Blair,butlerlisa@example.org,West
1471,Ms. Jennifer Garner,sherijohnson@example.com,North
1472,Kurt Sloan,elizabethlarson@example.com,West
1473,Marcus Reyes,strongadam@example.net,West
1474,Wendy Clark,xgilbert@example.com,North
1475,Garrett Nguyen,linda95@example.com,South
1476,Brandon Schmidt,zgolden@example.net,North
1477,Lorraine Fox,paigetaylor@example.org,South
1478,Charles Hooper,jimmy99@example.org,North
1479,Thomas Ramirez,brittanygarcia@example.org,North
1480,Lauren Johnson,griffinaustin@example.org,East
1481,Jody Brown,jacksonashley@example.com,North
1482,Mary Pugh,kwatson@example.net,East
1483,Emily Dillon,bphillips@example.org,West
1484,Vincent Bautista,courtneyrusso@example.com,West
1485,Jennifer Walker,kingshane@example.com,North
1486,Alex Nelson,shannon75@example.net,West
1487,Jesse Mcdaniel,kendra04@example.com,North
1488,Rebecca Long,turnercassandra@example.org,West
1489,Renee Chandler,joshuajordan@example.com,West
1490,Krystal Brown,harriszachary@example.org,East
1491,Karl Butler,thompsonstephen@example.com,South
1492,Jessica Gibbs DVM,watkinsjacob@example.net,West
1493,Rebecca Griffin,alexander19@example.net,North
1494,Michele Williams,thomascowan@example.com,East
1495,Kendra Ruiz,martinstewart@example.org,South
1496,Joe Taylor,edwardsheather@example.net,East
1497,Kathy Long,fernandezmichael@example.com,East
1498,Allison Lawrence,roy08@example.org,West
1499,Brittany Allen,wanda89@example.com,South
